Passenger ID,Luggage ID,Luggage Weight (kg),Luggage Color
1,ABC123,23.500000,Red
2,DEF456,18.200001,Blue
3,GHI789,30.100000,Black
4,JKL012,15.800000,Green
5,MNO345,22.600000,Yellow
6,PQR678,19.900000,Orange
7,STU901,27.299999,Pink
8,VWX234,16.400000,Purple
9,YZA567,21.700001,Gray
10,BCD890,25.000000,Brown
11,A123123,20.400000,Red